LISTA DE PRECIOS 2026,,,,,,,,,,,,,,,,,,,,
 Vigencia a partir de febrero ,,,,,,,,,,,,,,,,,,,,
,EQUINOTERAPIA,,,,,,,,,,,,,,,,,,,
,,"HORARIOS ""A""",,,,,"HORARIOS ""B""",,,,,"HORARIOS ""C""",,,,,,,,
,,10 AM  -  4-5 Y 6 PM,,,,,9 Y 11 AM   ,,,,,8 AM  12-1 -2-3 Y 7 PM,,,,,,,,
,MONTA TERAPEUTICA,,,,,,,,,,,,,,,,,,,
,1 VEZ POR SEMANA," $4,455 ",MES," 1,113.75 ",,," $4,010 ",MES," 1,002.38 ",,," $3,605 ",MES, 901.25 ,,,,,,
,2 VECES POR SEMANA," $6,225 ",MES, 778.13 ,70%,," $5,600 ",MES, 700.00 ,70%,," $5,040 ",MES, 630.00 ,70%,,,,,
,3 VECES POR SEMANA," $8,875 ",MES, 739.58 ,66%,," $7,985 ",MES, 665.42 ,66%,," $7,185 ",MES, 598.75 ,66%,,,,,
,,,,,,,,,,,,,,,,,,,,
,CONOCIENDO A MI CABALLO,,,,,,,,,,,,,,,,,,,
,ESTIMULACIÓN TEMPRANA C/ CABALLOS,,,,,,,,,,,,,,,,,,,
,1 VEZ POR SEMANA," $3,300 ",MES, 825.00 ,,," $2,970 ",MES, 742.50 ,,," $2,670 ",MES, 667.50 ,,,,,,
,2 VECES POR SEMANA," $5,025 ",MES, 628.13 ,76%,," $4,520 ",MES, 565.00 ,76%,," $4,065 ",MES, 508.13 ,76%,,,,,
,3 VECES POR SEMANA," $6,765 ",MES, 563.75 ,68%,," $6,085 ",MES, 507.08 ,68%,," $5,475 ",MES, 456.25 ,68%,,,,,
,,,,,,,,,,,,,,,,,,,,
"INSCRIPCIÓN $1,700.00",EQUITACION,,,,,,,,,,,,,,,,PARA 2026 SE MANTIENEN PRECIOS DE 2025,,,
,1 VEZ POR SEMANA," $3,470 ",MES, 867.50 ,,," $3,130 ",MES, 782.50 ,,," $2,810 ",MES,,,,,,,
,2 VECES POR SEMANA," $5,050 ",MES, 631.25 ,73%,," $4,540 ",MES, 567.50 ,73%,," $4,090 ",MES," 1,022.50 ",,,,,,
,3 VECES POR SEMANA," $6,630 ",MES, 552.50 ,64%,," $5,970 ",MES, 497.50 ,64%,," $5,370 ",MES, 671.25 ,66%,,,,,
,,,,,,,,,,,,,, -   ,0%,,,,,
,VAULTING,,,,,,,,,,,,,,,,,,,
,1 VEZ POR SEMANA," $3,495 ",MES, 873.75 ,,," $3,145 ",MES, 786.25 ,,," $2,830 ",MES, 707.50 ,,,,,,
,2 VECES POR SEMANA," $4,720 ",MES, 590.00 ,68%,," $4,245 ",MES, 530.63 ,67%,," $3,820 ",MES, 477.50 ,67%,,,,,
,,,,,,,,,,,,,,,,,,,,
,PSICOTERAPIA ASISTIDA ,,,,,,,,,,,,,,,,,,,
,INDIVIDUAL 1 VEZ POR SEMANA," $3,530 ",MES,,,," $3,175 ",MES,,,," $2,855 ",MES,,,,,,,
,FAMILIAR 1 VEZ POR SEMANA," $4,200 ",MES,,,," $3,780 ",MES,,,," $3,400 ",MES,,,,,,,
,,,,,,,,,,,,,,,,,,,,
,PENSIÓN," $10,930 ",,,,,,,,,,,,,,,,,,
,"CAMA DE CABALLO, CABALLERANGO, HERRAJE BÁSICO, ALIMENTO (ALFALFA)",,,,,,,,,,,,,,,,,,,
,,,,,,,,,,,,,,,,,,,,
,COGNICION Y LOGOFONIATRÍA,,,,,,,,,,,,,,,,PARA 2026 SE MANTIENEN PRECIOS DE 2025,,,
,,"HORARIOS ""A""",,,,,"HORARIOS ""B""",,,,,"HORARIOS ""C""",,,,,"""Con base en la cartera vigente a enero de 2026 y la frecuencia de servicio por cliente , se ha implementado un ajuste para aplicar un porcentaje de descuento en el margen de todas las áreas, para mantener homolgados la aplicación de precios por frecuencia y horario de 2 y 3vxs",,,
,,10-11 AM   12-4-5-6 PM,,,,,9 AM     1-2-3 PM,,,,,8 AM   7 PM,,,,,,,,
,COGNICION Y COMUNICACIÓN,,,,,,,,,,,,,,,,,,,
,1 VEZ POR SEMANA," $3,550 ",MES, 887.50 ,,," $3,200 ",MES, 800.00 ,,," $2,880 ",MES, 720.00 ,,,,,,
,2 VECES POR SEMANA," $5,320 ",MES, 665.00 ,75%,," $4,785 ",MES, 598.13 ,75%,," $4,305 ",MES, 538.13 ,75%,,,,,
,3 VECES POR SEMANA," $7,200 ",MES, 600.00 ,68%,," $6,480 ",MES, 540.00 ,68%,," $5,830 ",MES, 485.83 ,67%,,,,,
,,,,,,,,,,,,,,,,,,,,
,NEUROFEEDBACK/EDUFEED.,,,,,,,,,,,,,,,,,,,
,1 VEZ POR SEMANA," $3,550 ",MES, 887.50 ,,," $3,200 ",MES, 800.00 ,,," $2,880 ",MES, 720.00 ,,,,,,
,2 VECES POR SEMANA," $5,320 ",MES, 665.00 ,75%,," $4,785 ",MES, 598.13 ,75%,," $4,305 ",MES, 538.13 ,75%,,,,,
,3 VECES POR SEMANA," $7,200 ",MES, 600.00 ,68%,," $6,480 ",MES, 540.00 ,68%,," $5,830 ",MES, 485.83 ,67%,,,,,
,,,,,,,,,,,,,,,,,,,,
,LOGOFONIATRIA,,,,,,,,,,,,,,,,,,,
,1 VEZ POR SEMANA," $3,550 ",MES, 887.50 ,,," $3,200 ",MES, 800.00 ,,," $2,880 ",MES, 720.00 ,,,,,,
,2 VECES POR SEMANA," $5,320 ",MES, 665.00 ,75%,," $4,785 ",MES, 598.13 ,75%,," $4,305 ",MES, 538.13 ,75%,,,,,
,3 VECES POR SEMANA," $7,200 ",MES, 600.00 ,68%,," $6,480 ",MES, 540.00 ,68%,," $5,830 ",MES, 485.83 ,67%,,,,,
,,,,,,,,,,,,,,,,,,,,
,ESTIMULACIÓN MAGNETICA TRANSCRANEAL,,,,,,,,,,,,,,,,PARA 2026 SE MANTIENEN PRECIOS DE 2025,,,
,TRATAMIENTO 20 SESIONES," $34,800 ",MES,,,,,,,,,,,,,,,,,
,LISTA DE PRECIOS 2026,,,,,,,,,,,,,,,,,,,
, Vigencia a partir de febrero ,,,,,,,,,,,,,,,,,,,
,PSICOLOGÍA,,,,,,,,,,,,,,,,,,,
,,"HORARIOS ""A""",,,,,"HORARIOS ""B""",,,,,"HORARIOS ""C""",,,,,"""Con base en la cartera vigente a enero de 2026 y la frecuencia de servicio por cliente , se ha implementado un ajuste para aplicar un porcentaje de descuento en el margen de todas las áreas, para mantener homolgados la aplicación de precios por frecuencia y horario de 2 a 3vxs",,,
,,  12-1-4-5-6-7 PM,,,,,     2-3 PM,,,,,8-9-10-11  AM   7 PM,,,,,,,,
,PSICOLOGÍA,,,,,,,,,,,,,,,,,,,
,1 VEZ POR SEMANA," $2,825 ",MES, 706.25 ,,," $2,543 ",MES, 635.63 ,,," $2,288 ",MES, 572.06 ,,,,,,
,2 VECES POR SEMANA," $4,240 ",MES, 530.00 ,75%,," $3,815 ",MES, 476.88 ,75%,," $3,435 ",MES, 429.38 ,75%,,,,,
,3 VECES POR SEMANA," $5,760 ",MES, 480.00 ,68%,," $5,185 ",MES, 432.08 ,68%,," $4,665 ",MES, 388.75 ,68%,,,,,
,,,,,,,,,,,,,,,,,,,,
,MOTRICIDAD,,,,,,,,,,,,,,,,,,,
,,"HORARIOS ""A""",,,,,"HORARIOS ""B""",,,,,"HORARIOS ""C""",,,,,,,,
,,10-11 AM   12-4-5-6 PM,,,,,9 AM     1-2-3 PM,,,,,8 AM   7 PM,,,,,"""Con base en la cartera vigente a enero de 2026 y la frecuencia de servicio por cliente , se ha implementado un ajuste para aplicar un porcentaje de descuento en el margen de todas las áreas, para mantener homolgados la aplicación de precios por frecuencia y horario de 2 a 3vxs",,,
,NEURODESARROLLO Y CEMS,,,,,,,,,,,,,,,,,,,
,1 VEZ POR SEMANA," $3,145 ",MES, 786.25 ,,," $2,830 ",MES, 707.50 ,,," $2,545 ",MES, 636.25 ,,,,,,
,2 VECES POR SEMANA," $4,720 ",MES, 590.00 ,75%,," $4,250 ",MES, 531.25 ,75%,," $3,825 ",MES, 478.13 ,75%,,,,,
,3 VECES POR SEMANA," $6,420 ",MES, 535.00 ,68%,," $5,775 ",MES, 481.25 ,68%,," $5,200 ",MES, 433.33 ,68%,,,,,
,,,,,,,,,,,,,,,,,,,,
,FISIOTERAPIA,,,,,,,,,,,,,,,,,,,
,INSTALACIONES, $525 ,SESIÓN,,,,,,,,,,,,,,,,,
,DOMICILIO, $935 ,SESIÓN,,,,,,,,,,,,,,,,,
,,,,,,,,,,,,,,,,,,,,
,,"HORARIOS ""A""",,,,,"HORARIOS ""B""",,,,,"HORARIOS ""C""",,,,,,,,
,,10-11 AM   12-4-5-6 PM,,,,,9 AM     1-2-3 PM,,,,,08:00 a. m.,,,,,,,,
,PSICOMOTRICIDAD RECREATIVA,,,,,,,,,,,,,,,,,,,
,1 VEZ POR SEMANA," $1,815 ",MES, 453.75 ,,," $1,630 ",MES, 407.50 ,,," $1,465 ",MES, 366.25 ,,,,,,
,2 VECES POR SEMANA," $3,520 ",MES, 440.00 ,97%,," $3,168 ",MES, 396.00 ,97%,," $2,850 ",MES, 356.25 ,97%,,"""Con base en la cartera vigente a enero de 2026 y la frecuencia de servicio por cliente , se ha implementado un ajuste para aplicar un porcentaje de descuento en el margen de todas las áreas, para mantener homolgados la aplicación de precios por frecuencia y horario de 2 a 3vxs",,,
,3 VECES POR SEMANA," $4,920 ",MES, 410.00 ,90%,," $4,428 ",MES, 369.00 ,91%,," $3,985 ",MES, 332.10 ,91%,,,,,
,,,,,,,,,,,,,,,,,,,,
,,,,,,,,,,,,,,,,,,,,
,ALBERCA,,,,,,,,,,,,,,,,,,,
,,"HORARIOS ""A""",,,,,"HORARIOS ""B""",,,,,"HORARIOS ""C""",,,,,,,,
,,  12-1-4-5-6-7 PM,,,,,     2-3 PM,,,,,8-9-10-11  AM   7 PM,,,,,,,,
,HIDROTERAPIA,,,,,,,,,,,,,,,,,,,
,1 VEZ POR SEMANA," $2,825 ",MES, 706.25 ,,," $2,543 ",MES, 635.63 ,,," $2,288 ",MES, 572.06 ,,,,,,
,2 VECES POR SEMANA," $5,360 ",MES, 670.00 ,95%,," $4,825 ",MES, 603.13 ,95%,," $4,345 ",MES, 543.13 ,95%,,"""Con base en la cartera vigente a enero de 2026 y la frecuencia de servicio por cliente , se ha implementado un ajuste para aplicar un porcentaje de descuento en el margen de todas las áreas, para mantener homolgados la aplicación de precios por frecuencia y horario de 2 a 3vxs",,,
,3 VECES POR SEMANA," $7,740 ",MES, 645.00 ,91%,," $6,965 ",MES, 580.42 ,91%,," $6,270 ",MES, 522.50 ,91%,,,,,
,,,,,,,,,,,,,,,,,,,,
,NATACION ESPECIAL,,,,,,,,,,,,,,,,,,,
,1 VEZ POR SEMANA," $1,815 ",MES, 453.75 ,,," $1,630 ",MES, 407.50 ,,," $1,465 ",MES, 366.25 ,,,,,,
,2 VECES POR SEMANA," $3,520 ",MES, 440.00 ,97%,," $3,165 ",MES, 395.63 ,97%,," $2,850 ",MES, 356.25 ,97%,,,,,
,3 VECES POR SEMANA," $4,920 ",MES, 410.00 ,90%,," $4,425 ",MES, 368.75 ,90%,," $3,983 ",MES, 331.88 ,91%,,,,,
,,,,,,,,,,,,,,,,,,,,
,,,,,,,,,,,,,,,,,,,,
,," HORARIOS ""A"" ",,,,," HORARIOS ""B"" ",,,,," HORARIOS ""C"" ",,,,,,,,
,,   4-5-6-7 PM ,,,,,     8-9-10-11 AM    12 PM ,,,,, 1-2-3 PM ,,,,,,,,
INSCRIPCIÓN $400,NATACION INDIVIDUAL,,,,,,,,,,,,,,,,,,,
,1 VEZ POR SEMANA," $1,165 ",MES, 291.25 ,,," $1,045 ",MES, 261.25 ,,, $940 ,MES, 235.00 ,,,,,,
,2 VECES POR SEMANA," $2,265 ",MES, 283.13 ,97%,," $2,035 ",MES, 254.38 ,97%,," $1,830 ",MES, 228.75 ,97%,,"""Con base en la cartera vigente a enero de 2026 y la frecuencia de servicio por cliente , se ha implementado un ajuste para aplicar aumento mayor al 10% en el margen de todas las áreas, para mantener homolgados la aplicación de precios por frecuencia y horario de 2 a 3vxs, y considerandoq ue actuamente no se tienen clientes con servicio con mayor frecuencia",,,
,3 VECES POR SEMANA," $3,110 ",MES, 259.17 ,89%,," $2,795 ",MES, 232.92 ,89%,," $2,515 ",MES, 209.58 ,89%,,,,,
,,,,,,,,,,,,,,,,,,,,
,NATACION GRUPAL,,,,,,,,,,,,,,,,,,,
,1 VEZ POR SEMANA, $825 ,MES, 206.17 ,,, $740 ,MES, 185.00 ,,, $665 ,MES, 166.25 ,,,,,,
,2 VECES POR SEMANA," $1,210 ",MES, 151.25 ,73%,," $1,295 ",MES, 161.88 ,88%,," $1,165 ",MES, 145.63 ,88%,,,,,
,3 VECES POR SEMANA," $1,485 ",MES, 123.75 ,60%,," $1,337 ",MES, 111.38 ,60%,," $1,203 ",MES, 100.24 ,60%,,,,,
,,,,,,,,,,,,,,,,,,,,
,,,,,,,,,,,,,,,,,,,,
,NADO LIBRE,,,,,,,,,,,,,,,,,,,
,LUNES A VIERNES," $1,395 ",MES,,,,,,,,,,,,,,,,,
,,,,,,,,,,,,,,,,,,,,
,,,,,,,,,,,,,,,,,,,,
,,,,,,,,,,,,,,,,,,,,
,,,,,,,,,,,,,,,,,,,,
,,,,,,,,,,,,,,,,,,,,
,,,,,,,,,,,,,,,,,,,,
,NOTA:,,,,,,,,,,,,,,,,,,,
,PARA EL COSTEO DE PRECIOS DE FUNDACIÒN SE TOMARÀ DE BASE,,,,,,,,,,,,,,,,,,,
,"EL PRECIO HORARIO ""A"" DE 1VXS ELEVADO A LAS VECES `POR SEMANA",,,,,,,,,,,,,,,,,,,
,CORRESPONDIENTE DEL SERVICIO Y SE DIVIDIRÀ ENTRE EL NUMERO DE PX DEL GRUPO PARA EL COSTRO  POR PACIENTE.,,,,,,,,,,,,,,,,,,,
,ESTO DEBIDO A LA VARIACIÒN DE PRECIOS EN MAYOR FRECUENCIA DEBISO A LOS DESCUENTOS ESPACIALES PARA,,,,,,,,,,,,,,,,,,,
,LOS CLIENTES PRIVADOS,,,,,,,,,,,,,,,,,,,
